ANNO,TRIMESTRE,MES_DEL_TRIMESTRE,ID_EMPRESA,EMPRESA,TRAFICO
2012,1,1,830122566,COLOMBIA TELECOMUNICACIONES S.A. ESP,1060984799
2012,1,1,800153993,COMUNICACION CELULAR S A COMCEL S A,975688465
2012,1,1,899999115,EMPRESA DE TELECOMUNICACIONES DE BOGOT� S.A. ESP.,346777808
2012,1,2,830122566,COLOMBIA TELECOMUNICACIONES S.A. ESP,1064638047
2012,1,2,800153993,COMUNICACION CELULAR S A COMCEL S A,1003393113
2012,1,3,830122566,COLOMBIA TELECOMUNICACIONES S.A. ESP,1147651918
2012,1,3,830114921,COLOMBIA MOVIL S.A. E.S.P.,964762965
2012,1,3,800153993,COMUNICACION CELULAR S A COMCEL S A,1143490821
2012,2,1,830122566,COLOMBIA TELECOMUNICACIONES S.A. ESP,1109486911
2012,2,1,830114921,COLOMBIA MOVIL S.A. E.S.P.,951817201
2012,2,1,800153993,COMUNICACION CELULAR S A COMCEL S A,1153084529
2012,2,1,899999115,EMPRESA DE TELECOMUNICACIONES DE BOGOT� S.A. ESP.,32956341
2012,2,2,830122566,COLOMBIA TELECOMUNICACIONES S.A. ESP,1165995973
2012,2,2,830114921,COLOMBIA MOVIL S.A. E.S.P.,1037662414
2012,2,2,800153993,COMUNICACION CELULAR S A COMCEL S A,1243346534
2012,2,3,830122566,COLOMBIA TELECOMUNICACIONES S.A. ESP,1111419249
2012,2,3,830114921,COLOMBIA MOVIL S.A. E.S.P.,970472943
2012,2,3,800153993,COMUNICACION CELULAR S A COMCEL S A,1255352841
2012,3,1,830122566,COLOMBIA TELECOMUNICACIONES S.A. ESP,1081665376
2012,3,1,830114921,COLOMBIA MOVIL S.A. E.S.P.,1016294229
2012,3,1,800153993,COMUNICACION CELULAR S A COMCEL S A,1292005796
2012,3,1,899999115,EMPRESA DE TELECOMUNICACIONES DE BOGOT� S.A. ESP.,28080113
2012,3,2,830122566,COLOMBIA TELECOMUNICACIONES S.A. ESP,1080269580
2012,3,2,830114921,COLOMBIA MOVIL S.A. E.S.P.,919052698
2012,3,2,800153993,COMUNICACION CELULAR S A COMCEL S A,1431505902
2012,3,3,830122566,COLOMBIA TELECOMUNICACIONES S.A. ESP,946493095
2012,3,3,830114921,COLOMBIA MOVIL S.A. E.S.P.,985306087
2012,3,3,800153993,COMUNICACION CELULAR S A COMCEL S A,1551618973
2012,4,1,830122566,COLOMBIA TELECOMUNICACIONES S.A. ESP,982745009
2012,4,1,830114921,COLOMBIA MOVIL S.A. E.S.P.,1096959943
2012,4,1,800153993,COMUNICACION CELULAR S A COMCEL S A,1740844736
2012,4,1,899999115,EMPRESA DE TELECOMUNICACIONES DE BOGOT� S.A. ESP.,32195026
2012,4,2,830122566,COLOMBIA TELECOMUNICACIONES S.A. ESP,926842228
2012,4,2,830114921,COLOMBIA MOVIL S.A. E.S.P.,983081818
2012,4,2,800153993,COMUNICACION CELULAR S A COMCEL S A,1283684060
2012,4,3,830122566,COLOMBIA TELECOMUNICACIONES S.A. ESP,861197498
2012,4,3,830114921,COLOMBIA MOVIL S.A. E.S.P.,1074830722
2012,4,3,800153993,COMUNICACION CELULAR S A COMCEL S A,1313126320
2013,1,1,900092385,UNE EPM TELECOMUNICACIONES S.A. E.S.P. - UNE EPM TELCO S.A.,189174591
2013,1,1,830122566,COLOMBIA TELECOMUNICACIONES S.A. ESP,895507191
2013,1,1,830114921,COLOMBIA MOVIL S.A. E.S.P.,1110037612
2013,1,1,800153993,COMUNICACION CELULAR S A COMCEL S A,1374826685
2013,1,1,899999115,EMPRESA DE TELECOMUNICACIONES DE BOGOT� S.A. ESP.,29973819
2013,1,2,900092385,UNE EPM TELECOMUNICACIONES S.A. E.S.P. - UNE EPM TELCO S.A.,172166380
2013,1,2,830122566,COLOMBIA TELECOMUNICACIONES S.A. ESP,897042206
2013,1,2,830114921,COLOMBIA MOVIL S.A. E.S.P.,1122625985
2013,1,2,800153993,COMUNICACION CELULAR S A COMCEL S A,1334557495
2013,1,3,900092385,UNE EPM TELECOMUNICACIONES S.A. E.S.P. - UNE EPM TELCO S.A.,171659523
2013,1,3,830122566,COLOMBIA TELECOMUNICACIONES S.A. ESP,1077929107
2013,1,3,830114921,COLOMBIA MOVIL S.A. E.S.P.,1034640437
2013,1,3,800153993,COMUNICACION CELULAR S A COMCEL S A,1572755998
2013,2,1,900092385,UNE EPM TELECOMUNICACIONES S.A. E.S.P. - UNE EPM TELCO S.A.,161665387
2013,2,1,830122566,COLOMBIA TELECOMUNICACIONES S.A. ESP,1061433765
2013,2,1,830114921,COLOMBIA MOVIL S.A. E.S.P.,1161204167
2013,2,1,800153993,COMUNICACION CELULAR S A COMCEL S A,1513769016
2013,2,1,899999115,EMPRESA DE TELECOMUNICACIONES DE BOGOT� S.A. ESP.,28384378
2013,2,2,900092385,UNE EPM TELECOMUNICACIONES S.A. E.S.P. - UNE EPM TELCO S.A.,397260984
2013,2,2,830122566,COLOMBIA TELECOMUNICACIONES S.A. ESP,1246441618
2013,2,2,830114921,COLOMBIA MOVIL S.A. E.S.P.,1264246453
2013,2,2,800153993,COMUNICACION CELULAR S A COMCEL S A,2115328257
2013,2,3,900092385,UNE EPM TELECOMUNICACIONES S.A. E.S.P. - UNE EPM TELCO S.A.,392532102
2013,2,3,830122566,COLOMBIA TELECOMUNICACIONES S.A. ESP,1252491641
2013,2,3,830114921,COLOMBIA MOVIL S.A. E.S.P.,1144221240
2013,2,3,800153993,COMUNICACION CELULAR S A COMCEL S A,2089272763
2013,3,1,900092385,UNE EPM TELECOMUNICACIONES S.A. E.S.P. - UNE EPM TELCO S.A.,387196241
2013,3,1,830122566,COLOMBIA TELECOMUNICACIONES S.A. ESP,1257801320
2013,3,1,830114921,COLOMBIA MOVIL S.A. E.S.P.,1238494182
2013,3,1,800153993,COMUNICACION CELULAR S A COMCEL S A,2128629340
2013,3,1,899999115,EMPRESA DE TELECOMUNICACIONES DE BOGOT� S.A. ESP.,31230350
2013,3,2,900092385,UNE EPM TELECOMUNICACIONES S.A. E.S.P. - UNE EPM TELCO S.A.,448363221
2013,3,2,830122566,COLOMBIA TELECOMUNICACIONES S.A. ESP,1329390404
2013,3,2,830114921,COLOMBIA MOVIL S.A. E.S.P.,1320850287
2013,3,2,800153993,COMUNICACION CELULAR S A COMCEL S A,2391405778
2013,3,3,900092385,UNE EPM TELECOMUNICACIONES S.A. E.S.P. - UNE EPM TELCO S.A.,460163521
2013,3,3,830122566,COLOMBIA TELECOMUNICACIONES S.A. ESP,1173721726
2013,3,3,830114921,COLOMBIA MOVIL S.A. E.S.P.,1264584864
2013,3,3,800153993,COMUNICACION CELULAR S A COMCEL S A,2451728015
2013,4,1,900092385,UNE EPM TELECOMUNICACIONES S.A. E.S.P. - UNE EPM TELCO S.A.,480301891
2013,4,1,830122566,COLOMBIA TELECOMUNICACIONES S.A. ESP,1259940901
2013,4,1,830114921,COLOMBIA MOVIL S.A. E.S.P.,1130616402
2013,4,1,800153993,COMUNICACION CELULAR S A COMCEL S A,2694465092
2013,4,1,899999115,EMPRESA DE TELECOMUNICACIONES DE BOGOT� S.A. ESP.,29629605
2013,4,2,900092385,UNE EPM TELECOMUNICACIONES S.A. E.S.P. - UNE EPM TELCO S.A.,526354167
2013,4,2,830122566,COLOMBIA TELECOMUNICACIONES S.A. ESP,1294252658
2013,4,2,830114921,COLOMBIA MOVIL S.A. E.S.P.,1070314370
2013,4,2,800153993,COMUNICACION CELULAR S A COMCEL S A,2729851843
2013,4,3,900092385,UNE EPM TELECOMUNICACIONES S.A. E.S.P. - UNE EPM TELCO S.A.,529104806
2013,4,3,830122566,COLOMBIA TELECOMUNICACIONES S.A. ESP,1317879621
2013,4,3,830114921,COLOMBIA MOVIL S.A. E.S.P.,1104816724
2013,4,3,800153993,COMUNICACION CELULAR S A COMCEL S A,2884994376
2014,1,1,900092385,UNE EPM TELECOMUNICACIONES S.A. E.S.P. - UNE EPM TELCO S.A.,822905342
2014,1,1,830122566,COLOMBIA TELECOMUNICACIONES S.A. ESP,1335014506
2014,1,1,830114921,COLOMBIA MOVIL S.A. E.S.P.,1108871601
2014,1,1,800153993,COMUNICACION CELULAR S A COMCEL S A,3103591125
2014,1,1,899999115,EMPRESA DE TELECOMUNICACIONES DE BOGOT� S.A. ESP.,27078000
2014,1,2,900092385,UNE EPM TELECOMUNICACIONES S.A. E.S.P. - UNE EPM TELCO S.A.,812033057
2014,1,2,830122566,COLOMBIA TELECOMUNICACIONES S.A. ESP,1339772020
2014,1,2,830114921,COLOMBIA MOVIL S.A. E.S.P.,1047109909
2014,1,2,800153993,COMUNICACION CELULAR S A COMCEL S A,2965008341
2014,1,3,900092385,UNE EPM TELECOMUNICACIONES S.A. E.S.P. - UNE EPM TELCO S.A.,898662451
2014,1,3,830122566,COLOMBIA TELECOMUNICACIONES S.A. ESP,1582108490
2014,1,3,830114921,COLOMBIA MOVIL S.A. E.S.P.,1017752357
2014,1,3,800153993,COMUNICACION CELULAR S A COMCEL S A,3385555393
2014,2,1,900092385,UNE EPM TELECOMUNICACIONES S.A. E.S.P. - UNE EPM TELCO S.A.,706832272
2014,2,1,830122566,COLOMBIA TELECOMUNICACIONES S.A. ESP,1548051957
2014,2,1,830114921,COLOMBIA MOVIL S.A. E.S.P.,1189246565
2014,2,1,800153993,COMUNICACION CELULAR S A COMCEL S A,3437291380
2014,2,1,899999115,EMPRESA DE TELECOMUNICACIONES DE BOGOT� S.A. ESP.,28297426
2014,2,2,900092385,UNE EPM TELECOMUNICACIONES S.A. E.S.P. - UNE EPM TELCO S.A.,1154376926
2014,2,2,830122566,COLOMBIA TELECOMUNICACIONES S.A. ESP,1709295932
2014,2,2,830114921,COLOMBIA MOVIL S.A. E.S.P.,1155183849
2014,2,2,800153993,COMUNICACION CELULAR S A COMCEL S A,3536709214
2014,2,3,900092385,UNE EPM TELECOMUNICACIONES S.A. E.S.P. - UNE EPM TELCO S.A.,1239848823
2014,2,3,830122566,COLOMBIA TELECOMUNICACIONES S.A. ESP,1719862930
2014,2,3,830114921,COLOMBIA MOVIL S.A. E.S.P.,1308229854
2014,2,3,800153993,COMUNICACION CELULAR S A COMCEL S A,3678142834
2014,3,1,900092385,UNE EPM TELECOMUNICACIONES S.A. E.S.P. - UNE EPM TELCO S.A.,984509893
2014,3,1,830122566,COLOMBIA TELECOMUNICACIONES S.A. ESP,1770557186
2014,3,1,830114921,COLOMBIA MOVIL S.A. E.S.P.,1390414335
2014,3,1,800153993,COMUNICACION CELULAR S A COMCEL S A,3889303029
2014,3,1,899999115,EMPRESA DE TELECOMUNICACIONES DE BOGOT� S.A. ESP.,26225089
2014,3,2,830016046,AVANTEL S.A.S.,49724
2014,3,2,900092385,UNE EPM TELECOMUNICACIONES S.A. E.S.P. - UNE EPM TELCO S.A.,918798762
2014,3,2,830122566,COLOMBIA TELECOMUNICACIONES S.A. ESP,1834932563
2014,3,2,830114921,COLOMBIA MOVIL S.A. E.S.P.,1144129885
2014,3,2,800153993,COMUNICACION CELULAR S A COMCEL S A,3939304990
2014,3,3,830016046,AVANTEL S.A.S.,1008269
2014,3,3,900092385,UNE EPM TELECOMUNICACIONES S.A. E.S.P. - UNE EPM TELCO S.A.,1293476084
2014,3,3,830122566,COLOMBIA TELECOMUNICACIONES S.A. ESP,1835845634
2014,3,3,830114921,COLOMBIA MOVIL S.A. E.S.P.,1324153589
2014,3,3,800153993,COMUNICACION CELULAR S A COMCEL S A,3930997390
2014,4,1,830016046,AVANTEL S.A.S.,3211750
2014,4,1,900092385,UNE EPM TELECOMUNICACIONES S.A. E.S.P. - UNE EPM TELCO S.A.,1528022767
2014,4,1,830122566,COLOMBIA TELECOMUNICACIONES S.A. ESP,1935468147
2014,4,1,830114921,COLOMBIA MOVIL S.A. E.S.P.,1470784982
2014,4,1,800153993,COMUNICACION CELULAR S A COMCEL S A,4009286876
2014,4,1,899999115,EMPRESA DE TELECOMUNICACIONES DE BOGOT� S.A. ESP.,585573242
2014,4,2,830016046,AVANTEL S.A.S.,5565250
2014,4,2,900092385,UNE EPM TELECOMUNICACIONES S.A. E.S.P. - UNE EPM TELCO S.A.,1539957035
2014,4,2,830122566,COLOMBIA TELECOMUNICACIONES S.A. ESP,1912153867
2014,4,2,830114921,COLOMBIA MOVIL S.A. E.S.P.,1453120695
2014,4,2,800153993,COMUNICACION CELULAR S A COMCEL S A,4007425071
2014,4,3,830016046,AVANTEL S.A.S.,9896455
2014,4,3,900092385,UNE EPM TELECOMUNICACIONES S.A. E.S.P. - UNE EPM TELCO S.A.,1499206542
2014,4,3,830122566,COLOMBIA TELECOMUNICACIONES S.A. ESP,2072562160
2014,4,3,830114921,COLOMBIA MOVIL S.A. E.S.P.,1536758821
2014,4,3,800153993,COMUNICACION CELULAR S A COMCEL S A,4057040108
2015,1,1,830016046,AVANTEL S.A.S.,14164726
2015,1,1,900092385,UNE EPM TELECOMUNICACIONES S.A. E.S.P. - UNE EPM TELCO S.A.,1434336509
2015,1,1,900420122,VIRGIN MOBILE COLOMBIA S.A.S.,0
2015,1,1,830114921,COLOMBIA MOVIL S.A. E.S.P.,1519221987
2015,1,1,830122566,COLOMBIA TELECOMUNICACIONES S.A. ESP,2155071062
2015,1,1,899999115,EMPRESA DE TELECOMUNICACIONES DE BOGOT� S.A. ESP.,40078388
2015,1,1,800153993,COMUNICACION CELULAR S A COMCEL S A,5233684949
2015,1,2,800153993,COMUNICACION CELULAR S A COMCEL S A,5083341815
2015,1,2,830016046,AVANTEL S.A.S.,16901812
2015,1,2,900092385,UNE EPM TELECOMUNICACIONES S.A. E.S.P. - UNE EPM TELCO S.A.,1316642957
2015,1,2,900420122,VIRGIN MOBILE COLOMBIA S.A.S.,0
2015,1,2,830114921,COLOMBIA MOVIL S.A. E.S.P.,1542129545
2015,1,2,830122566,COLOMBIA TELECOMUNICACIONES S.A. ESP,2169246421
2015,1,2,899999115,EMPRESA DE TELECOMUNICACIONES DE BOGOT� S.A. ESP.,63487604
2015,1,3,800153993,COMUNICACION CELULAR S A COMCEL S A,6129900484
2015,1,3,830016046,AVANTEL S.A.S.,21810391
2015,1,3,900092385,UNE EPM TELECOMUNICACIONES S.A. E.S.P. - UNE EPM TELCO S.A.,1470032135
2015,1,3,900420122,VIRGIN MOBILE COLOMBIA S.A.S.,0
2015,1,3,830114921,COLOMBIA MOVIL S.A. E.S.P.,1485932477
2015,1,3,830122566,COLOMBIA TELECOMUNICACIONES S.A. ESP,2467425053
2015,1,3,899999115,EMPRESA DE TELECOMUNICACIONES DE BOGOT� S.A. ESP.,100772333
2015,2,1,800153993,COMUNICACION CELULAR S A COMCEL S A,6313156751
2015,2,1,830114921,COLOMBIA MOVIL S.A. E.S.P.,1437957850
2015,2,1,900420122,VIRGIN MOBILE COLOMBIA S.A.S.,0
2015,2,1,899999115,EMPRESA DE TELECOMUNICACIONES DE BOGOT� S.A. ESP.,129613458
2015,2,1,900092385,UNE EPM TELECOMUNICACIONES S.A. E.S.P. - UNE EPM TELCO S.A.,1447344847
2015,2,1,830016046,AVANTEL S.A.S.,46281720
2015,2,1,830122566,COLOMBIA TELECOMUNICACIONES S.A. ESP,2390166650
2015,2,2,800153993,COMUNICACION CELULAR S A COMCEL S A,6381532486
2015,2,2,830114921,COLOMBIA MOVIL S.A. E.S.P.,1585640571
2015,2,2,900420122,VIRGIN MOBILE COLOMBIA S.A.S.,0
2015,2,2,899999115,EMPRESA DE TELECOMUNICACIONES DE BOGOT� S.A. ESP.,170658992
2015,2,2,900092385,UNE EPM TELECOMUNICACIONES S.A. E.S.P. - UNE EPM TELCO S.A.,1438871674
2015,2,2,830016046,AVANTEL S.A.S.,62561103
2015,2,2,830122566,COLOMBIA TELECOMUNICACIONES S.A. ESP,2533562917
2015,2,3,830114921,COLOMBIA MOVIL S.A. E.S.P.,1667602153
2015,2,3,900420122,VIRGIN MOBILE COLOMBIA S.A.S.,0
2015,2,3,899999115,EMPRESA DE TELECOMUNICACIONES DE BOGOT� S.A. ESP.,183841154
2015,2,3,900092385,UNE EPM TELECOMUNICACIONES S.A. E.S.P. - UNE EPM TELCO S.A.,1388978994
2015,2,3,830016046,AVANTEL S.A.S.,67848778
2015,2,3,830122566,COLOMBIA TELECOMUNICACIONES S.A. ESP,2429196478
2015,2,3,800153993,COMUNICACION CELULAR S A COMCEL S A,6530797827
2015,3,1,900092385,UNE EPM TELECOMUNICACIONES S.A. E.S.P. - UNE EPM TELCO S.A.,1438004821
2015,3,1,830016046,AVANTEL S.A.S.,60317016
2015,3,1,830122566,COLOMBIA TELECOMUNICACIONES S.A. ESP,2463100110
2015,3,1,899999115,EMPRESA DE TELECOMUNICACIONES DE BOGOT� S.A. ESP.,201559005
2015,3,1,830114921,COLOMBIA MOVIL S.A. E.S.P.,1843008149
2015,3,1,900420122,VIRGIN MOBILE COLOMBIA S.A.S.,0
2015,3,1,800153993,COMUNICACION CELULAR S A COMCEL S A,7120931054
2015,3,2,900092385,UNE EPM TELECOMUNICACIONES S.A. E.S.P. - UNE EPM TELCO S.A.,1402876812
2015,3,2,830016046,AVANTEL S.A.S.,74509314
2015,3,2,830122566,COLOMBIA TELECOMUNICACIONES S.A. ESP,2576751610
2015,3,2,899999115,EMPRESA DE TELECOMUNICACIONES DE BOGOT� S.A. ESP.,207668619
2015,3,2,830114921,COLOMBIA MOVIL S.A. E.S.P.,1748517495
2015,3,2,900420122,VIRGIN MOBILE COLOMBIA S.A.S.,0
2015,3,2,800153993,COMUNICACION CELULAR S A COMCEL S A,7195972644
2015,3,3,900092385,UNE EPM TELECOMUNICACIONES S.A. E.S.P. - UNE EPM TELCO S.A.,1296817892
2015,3,3,830016046,AVANTEL S.A.S.,75193044
2015,3,3,830122566,COLOMBIA TELECOMUNICACIONES S.A. ESP,2493278405
2015,3,3,899999115,EMPRESA DE TELECOMUNICACIONES DE BOGOT� S.A. ESP.,207369936
2015,3,3,830114921,COLOMBIA MOVIL S.A. E.S.P.,1854713034
2015,3,3,900420122,VIRGIN MOBILE COLOMBIA S.A.S.,0
2015,3,3,800153993,COMUNICACION CELULAR S A COMCEL S A,6729405872
2015,4,1,830016046,AVANTEL S.A.S.,100612974
2015,4,1,830122566,COLOMBIA TELECOMUNICACIONES S.A. ESP,2759143423
2015,4,1,899999115,EMPRESA DE TELECOMUNICACIONES DE BOGOT� S.A. ESP.,282993042
2015,4,1,900092385,UNE EPM TELECOMUNICACIONES S.A. E.S.P. - UNE EPM TELCO S.A.,1350106996
2015,4,1,900420122,VIRGIN MOBILE COLOMBIA S.A.S.,0
2015,4,1,830114921,COLOMBIA MOVIL S.A. E.S.P.,1866951558
2015,4,1,800153993,COMUNICACION CELULAR S A COMCEL S A,8244346680
2015,4,2,830122566,COLOMBIA TELECOMUNICACIONES S.A. ESP,2743323207
2015,4,2,899999115,EMPRESA DE TELECOMUNICACIONES DE BOGOT� S.A. ESP.,290366624
2015,4,2,900092385,UNE EPM TELECOMUNICACIONES S.A. E.S.P. - UNE EPM TELCO S.A.,1263165153
2015,4,2,900420122,VIRGIN MOBILE COLOMBIA S.A.S.,0
2015,4,2,830114921,COLOMBIA MOVIL S.A. E.S.P.,1856123046
2015,4,2,800153993,COMUNICACION CELULAR S A COMCEL S A,8252713813
2015,4,2,830016046,AVANTEL S.A.S.,108988458
2015,4,3,800153993,COMUNICACION CELULAR S A COMCEL S A,9185180747
2015,4,3,830016046,AVANTEL S.A.S.,112024387
2015,4,3,830122566,COLOMBIA TELECOMUNICACIONES S.A. ESP,2914122389
2015,4,3,899999115,EMPRESA DE TELECOMUNICACIONES DE BOGOT� S.A. ESP.,308397104
2015,4,3,900092385,UNE EPM TELECOMUNICACIONES S.A. E.S.P. - UNE EPM TELCO S.A.,1151403457
2015,4,3,900420122,VIRGIN MOBILE COLOMBIA S.A.S.,0
2015,4,3,830114921,COLOMBIA MOVIL S.A. E.S.P.,1947705206
2016,1,1,900420122,VIRGIN MOBILE COLOMBIA S.A.S.,0
2016,1,1,800153993,COMUNICACION CELULAR S A COMCEL S A,7453807537
2016,1,1,830114921,COLOMBIA MOVIL S.A. E.S.P.,1834198638
2016,1,1,900092385,UNE EPM TELECOMUNICACIONES S.A. E.S.P. - UNE EPM TELCO S.A.,1067673814
2016,1,1,830122566,COLOMBIA TELECOMUNICACIONES S.A. ESP,2896882647
2016,1,1,899999115,EMPRESA DE TELECOMUNICACIONES DE BOGOT� S.A. ESP.,313694192
2016,1,1,830016046,AVANTEL S.A.S.,187983965
2016,1,2,830114921,COLOMBIA MOVIL S.A. E.S.P.,1946141967
2016,1,2,830122566,COLOMBIA TELECOMUNICACIONES S.A. ESP,2786439962
2016,1,2,830016046,AVANTEL S.A.S.,177683104
2016,1,2,899999115,EMPRESA DE TELECOMUNICACIONES DE BOGOT� S.A. ESP.,302646164
2016,1,2,900092385,UNE EPM TELECOMUNICACIONES S.A. E.S.P. - UNE EPM TELCO S.A.,784698787
2016,1,2,800153993,COMUNICACION CELULAR S A COMCEL S A,7404769130
2016,1,2,900420122,VIRGIN MOBILE COLOMBIA S.A.S.,0
2016,1,3,830016046,AVANTEL S.A.S.,205956819
2016,1,3,900092385,UNE EPM TELECOMUNICACIONES S.A. E.S.P. - UNE EPM TELCO S.A.,730505049
2016,1,3,830114921,COLOMBIA MOVIL S.A. E.S.P.,2155330301
2016,1,3,830122566,COLOMBIA TELECOMUNICACIONES S.A. ESP,3120948036
2016,1,3,900420122,VIRGIN MOBILE COLOMBIA S.A.S.,0
2016,1,3,899999115,EMPRESA DE TELECOMUNICACIONES DE BOGOT� S.A. ESP.,369957944
2016,1,3,800153993,COMUNICACION CELULAR S A COMCEL S A,8370576199
2016,2,1,900092385,UNE EPM TELECOMUNICACIONES S.A. E.S.P. - UNE EPM TELCO S.A.,661713670
2016,2,1,830122566,COLOMBIA TELECOMUNICACIONES S.A. ESP,3026082204
2016,2,1,830016046,AVANTEL S.A.S.,195619034
2016,2,1,830114921,COLOMBIA MOVIL S.A. E.S.P.,2199176615
2016,2,1,900420122,VIRGIN MOBILE COLOMBIA S.A.S.,0
2016,2,1,899999115,EMPRESA DE TELECOMUNICACIONES DE BOGOT� S.A. ESP.,373746539
2016,2,1,800153993,COMUNICACION CELULAR S A COMCEL S A,8664328977
2016,2,2,800153993,COMUNICACION CELULAR S A COMCEL S A,9497405317
2016,2,2,900092385,UNE EPM TELECOMUNICACIONES S.A. E.S.P. - UNE EPM TELCO S.A.,619333695
2016,2,2,900420122,VIRGIN MOBILE COLOMBIA S.A.S.,0
2016,2,2,830122566,COLOMBIA TELECOMUNICACIONES S.A. ESP,3384845330
2016,2,2,830016046,AVANTEL S.A.S.,188953123
2016,2,2,899999115,EMPRESA DE TELECOMUNICACIONES DE BOGOT� S.A. ESP.,442800971
2016,2,2,830114921,COLOMBIA MOVIL S.A. E.S.P.,2308026382
2016,2,3,900420122,VIRGIN MOBILE COLOMBIA S.A.S.,0
2016,2,3,830122566,COLOMBIA TELECOMUNICACIONES S.A. ESP,3255178545
2016,2,3,830114921,COLOMBIA MOVIL S.A. E.S.P.,2334042656
2016,2,3,900092385,UNE EPM TELECOMUNICACIONES S.A. E.S.P. - UNE EPM TELCO S.A.,565204278
2016,2,3,830016046,AVANTEL S.A.S.,201021903
2016,2,3,899999115,EMPRESA DE TELECOMUNICACIONES DE BOGOT� S.A. ESP.,437059769
2016,2,3,800153993,COMUNICACION CELULAR S A COMCEL S A,9482342042
2016,3,1,900420122,VIRGIN MOBILE COLOMBIA S.A.S.,0
2016,3,1,800153993,COMUNICACION CELULAR S A COMCEL S A,9665092612
2016,3,1,900092385,UNE EPM TELECOMUNICACIONES S.A. E.S.P. - UNE EPM TELCO S.A.,568990006
2016,3,1,830122566,COLOMBIA TELECOMUNICACIONES S.A. ESP,3451061830
2016,3,1,830114921,COLOMBIA MOVIL S.A. E.S.P.,1988779828
2016,3,1,899999115,EMPRESA DE TELECOMUNICACIONES DE BOGOT� S.A. ESP.,485323906
2016,3,1,830016046,AVANTEL S.A.S.,336648005
2016,3,2,830016046,AVANTEL S.A.S.,382093647
2016,3,2,830122566,COLOMBIA TELECOMUNICACIONES S.A. ESP,3549488849
2016,3,2,900092385,UNE EPM TELECOMUNICACIONES S.A. E.S.P. - UNE EPM TELCO S.A.,502939779
2016,3,2,830114921,COLOMBIA MOVIL S.A. E.S.P.,2422595394
2016,3,2,800153993,COMUNICACION CELULAR S A COMCEL S A,9105781910
2016,3,2,899999115,EMPRESA DE TELECOMUNICACIONES DE BOGOT� S.A. ESP.,569264416
2016,3,2,900420122,VIRGIN MOBILE COLOMBIA S.A.S.,0
2016,3,3,830122566,COLOMBIA TELECOMUNICACIONES S.A. ESP,3500845212
2016,3,3,900092385,UNE EPM TELECOMUNICACIONES S.A. E.S.P. - UNE EPM TELCO S.A.,393488663
2016,3,3,899999115,EMPRESA DE TELECOMUNICACIONES DE BOGOT� S.A. ESP.,585959303
2016,3,3,800153993,COMUNICACION CELULAR S A COMCEL S A,9358776519
2016,3,3,830114921,COLOMBIA MOVIL S.A. E.S.P.,2483818192
2016,3,3,900420122,VIRGIN MOBILE COLOMBIA S.A.S.,0
2016,3,3,830016046,AVANTEL S.A.S.,470266319
2016,4,1,830122566,COLOMBIA TELECOMUNICACIONES S.A. ESP,3993052001
2016,4,1,830016046,AVANTEL S.A.S.,526665789
2016,4,1,900420122,VIRGIN MOBILE COLOMBIA S.A.S.,0
2016,4,1,830114921,COLOMBIA MOVIL S.A. E.S.P.,2693852065
2016,4,1,900092385,UNE EPM TELECOMUNICACIONES S.A. E.S.P. - UNE EPM TELCO S.A.,264761109
2016,4,1,899999115,EMPRESA DE TELECOMUNICACIONES DE BOGOT� S.A. ESP.,561963482
2016,4,1,800153993,COMUNICACION CELULAR S A COMCEL S A,9983083068
2016,4,2,900092385,UNE EPM TELECOMUNICACIONES S.A. E.S.P. - UNE EPM TELCO S.A.,69731678
2016,4,2,800153993,COMUNICACION CELULAR S A COMCEL S A,9735789125
2016,4,2,830016046,AVANTEL S.A.S.,534098091
2016,4,2,830114921,COLOMBIA MOVIL S.A. E.S.P.,2802415793
2016,4,2,900420122,VIRGIN MOBILE COLOMBIA S.A.S.,0
2016,4,2,830122566,COLOMBIA TELECOMUNICACIONES S.A. ESP,4150221213
2016,4,2,899999115,EMPRESA DE TELECOMUNICACIONES DE BOGOT� S.A. ESP.,499853383
2016,4,3,900092385,UNE EPM TELECOMUNICACIONES S.A. E.S.P. - UNE EPM TELCO S.A.,30784988
2016,4,3,830122566,COLOMBIA TELECOMUNICACIONES S.A. ESP,4871407954
2016,4,3,830016046,AVANTEL S.A.S.,545635455
2016,4,3,830114921,COLOMBIA MOVIL S.A. E.S.P.,3389200462
2016,4,3,900420122,VIRGIN MOBILE COLOMBIA S.A.S.,0
2016,4,3,899999115,EMPRESA DE TELECOMUNICACIONES DE BOGOT� S.A. ESP.,452143001
2016,4,3,800153993,COMUNICACION CELULAR S A COMCEL S A,10670789052
2017,1,1,899999115,EMPRESA DE TELECOMUNICACIONES DE BOGOT� S.A. ESP.,409369275
2017,1,1,830114921,COLOMBIA MOVIL S.A. E.S.P.,3322067581
2017,1,1,800153993,COMUNICACION CELULAR S A COMCEL S A,10679613871
2017,1,1,900420122,VIRGIN MOBILE COLOMBIA S.A.S.,0
2017,1,1,900092385,UNE EPM TELECOMUNICACIONES S.A. E.S.P. - UNE EPM TELCO S.A.,17672184
2017,1,1,830016046,AVANTEL S.A.S.,552970220
2017,1,1,830122566,COLOMBIA TELECOMUNICACIONES S.A. ESP,5085560800
2017,1,2,900092385,UNE EPM TELECOMUNICACIONES S.A. E.S.P. - UNE EPM TELCO S.A.,12937577
2017,1,2,800153993,COMUNICACION CELULAR S A COMCEL S A,9369306450
2017,1,2,830114921,COLOMBIA MOVIL S.A. E.S.P.,3089388684
2017,1,2,900420122,VIRGIN MOBILE COLOMBIA S.A.S.,0
2017,1,2,830016046,AVANTEL S.A.S.,547069047
2017,1,2,830122566,COLOMBIA TELECOMUNICACIONES S.A. ESP,4811334583
2017,1,2,899999115,EMPRESA DE TELECOMUNICACIONES DE BOGOT� S.A. ESP.,376575475
2017,1,3,900420122,VIRGIN MOBILE COLOMBIA S.A.S.,0
2017,1,3,900092385,UNE EPM TELECOMUNICACIONES S.A. E.S.P. - UNE EPM TELCO S.A.,13133920
2017,1,3,800153993,COMUNICACION CELULAR S A COMCEL S A,10274668437
2017,1,3,830122566,COLOMBIA TELECOMUNICACIONES S.A. ESP,5535778110
2017,1,3,830016046,AVANTEL S.A.S.,672189654
2017,1,3,830114921,COLOMBIA MOVIL S.A. E.S.P.,3500659646
2017,1,3,899999115,EMPRESA DE TELECOMUNICACIONES DE BOGOT� S.A. ESP.,449927363
2017,2,1,800153993,COMUNICACION CELULAR S A COMCEL S A,9640846111
2017,2,1,830016046,AVANTEL S.A.S,718971300
2017,2,1,830114921,COLOMBIA MOVIL  S.A ESP,3220961538
2017,2,1,830122566,COLOMBIA TELECOMUNICACIONES S.A. E.S.P.,5490827646
2017,2,1,899999115,EMPRESA DE TELECOMUNICACIONES DE BOGOTA S.A. ESP,440790349
2017,2,1,900092385,UNE EPM TELECOMUNICACIONES S.A.,12489660
2017,2,1,900389508,ALMACENES EXITO INVERSIONES S.A.S.,0
2017,2,1,900420122,VIRGIN MOBILE COLOMBIA S.A.S.,0
2017,2,2,800153993,COMUNICACION CELULAR S A COMCEL S A,10214519039
2017,2,2,830016046,AVANTEL S.A.S,934928848
2017,2,2,830114921,COLOMBIA MOVIL  S.A ESP,3353227769
2017,2,2,830122566,COLOMBIA TELECOMUNICACIONES S.A. E.S.P.,6103954383
2017,2,2,899999115,EMPRESA DE TELECOMUNICACIONES DE BOGOTA S.A. ESP,454258724
2017,2,2,900092385,UNE EPM TELECOMUNICACIONES S.A.,12480260
2017,2,2,900389508,ALMACENES EXITO INVERSIONES S.A.S.,0
2017,2,2,900420122,VIRGIN MOBILE COLOMBIA S.A.S.,0
2017,2,3,800153993,COMUNICACION CELULAR S A COMCEL S A,10893803137
2017,2,3,830016046,AVANTEL S.A.S,988178964
2017,2,3,830114921,COLOMBIA MOVIL  S.A ESP,2976334929
2017,2,3,830122566,COLOMBIA TELECOMUNICACIONES S.A. E.S.P.,5914091648
2017,2,3,899999115,EMPRESA DE TELECOMUNICACIONES DE BOGOTA S.A. ESP,463466948
2017,2,3,900092385,UNE EPM TELECOMUNICACIONES S.A.,12563980
2017,2,3,900389508,ALMACENES EXITO INVERSIONES S.A.S.,0
2017,2,3,900420122,VIRGIN MOBILE COLOMBIA S.A.S.,0
2017,3,1,800153993,COMUNICACION CELULAR S A COMCEL S A,11577492893
2017,3,1,830016046,AVANTEL S.A.S,1182632512
2017,3,1,830114921,COLOMBIA MOVIL  S.A ESP,3409002787
2017,3,1,830122566,COLOMBIA TELECOMUNICACIONES S.A. E.S.P.,6287270600
2017,3,1,899999115,EMPRESA DE TELECOMUNICACIONES DE BOGOTA S.A. ESP,519081318
2017,3,1,900092385,UNE EPM TELECOMUNICACIONES S.A.,11956000
2017,3,1,900420122,VIRGIN MOBILE COLOMBIA S.A.S.,0
2017,3,2,800153993,COMUNICACION CELULAR S A COMCEL S A,11737146930
2017,3,2,830016046,AVANTEL S.A.S,1284858538
2017,3,2,830114921,COLOMBIA MOVIL  S.A ESP,3200249465
2017,3,2,830122566,COLOMBIA TELECOMUNICACIONES S.A. E.S.P.,6084062949
2017,3,2,899999115,EMPRESA DE TELECOMUNICACIONES DE BOGOTA S.A. ESP,559738024
2017,3,2,900092385,UNE EPM TELECOMUNICACIONES S.A.,9851670
2017,3,2,900420122,VIRGIN MOBILE COLOMBIA S.A.S.,0
2017,3,3,800153993,COMUNICACION CELULAR S A COMCEL S A,11671552912
2017,3,3,830016046,AVANTEL S.A.S,1351125976
2017,3,3,830114921,COLOMBIA MOVIL  S.A ESP,3762885275
2017,3,3,830122566,COLOMBIA TELECOMUNICACIONES S.A. E.S.P.,6000264502
2017,3,3,899999115,EMPRESA DE TELECOMUNICACIONES DE BOGOTA S.A. ESP,488012627
2017,3,3,900092385,UNE EPM TELECOMUNICACIONES S.A.,4203752
2017,3,3,900420122,VIRGIN MOBILE COLOMBIA S.A.S.,0
2017,4,1,800153993,COMUNICACION CELULAR S A COMCEL S A,12356958986
2017,4,1,830016046,AVANTEL S.A.S,1469400663
2017,4,1,830114921,COLOMBIA MOVIL  S.A ESP,3221540450
2017,4,1,830122566,COLOMBIA TELECOMUNICACIONES S.A. E.S.P.,6816363605
2017,4,1,899999115,EMPRESA DE TELECOMUNICACIONES DE BOGOTA S.A. ESP,463758705
2017,4,1,900092385,UNE EPM TELECOMUNICACIONES S.A.,3970736
2017,4,1,900420122,VIRGIN MOBILE COLOMBIA S.A.S.,0
2017,4,2,800153993,COMUNICACION CELULAR S A COMCEL S A,12174084085
2017,4,2,830016046,AVANTEL S.A.S,1501711522
2017,4,2,830114921,COLOMBIA MOVIL  S.A ESP,3567278191
2017,4,2,830122566,COLOMBIA TELECOMUNICACIONES S.A. E.S.P.,6513952154
2017,4,2,899999115,EMPRESA DE TELECOMUNICACIONES DE BOGOTA S.A. ESP,400767705
2017,4,2,900092385,UNE EPM TELECOMUNICACIONES S.A.,4256
2017,4,2,900420122,VIRGIN MOBILE COLOMBIA S.A.S.,0
2017,4,3,800153993,COMUNICACION CELULAR S A COMCEL S A,13118424307
2017,4,3,830016046,AVANTEL S.A.S,1634375916
2017,4,3,830114921,COLOMBIA MOVIL  S.A ESP,3809488592
2017,4,3,830122566,COLOMBIA TELECOMUNICACIONES S.A. E.S.P.,6526989104
2017,4,3,899999115,EMPRESA DE TELECOMUNICACIONES DE BOGOTA S.A. ESP,415822185
2017,4,3,900092385,UNE EPM TELECOMUNICACIONES S.A.,0
2017,4,3,900420122,VIRGIN MOBILE COLOMBIA S.A.S.,0
2018,1,1,800153993,COMUNICACION CELULAR S A COMCEL S A,13218767592
2018,1,1,830016046,AVANTEL S.A.S,1678484061
2018,1,1,830114921,COLOMBIA MOVIL  S.A ESP,3792993259
2018,1,1,830122566,COLOMBIA TELECOMUNICACIONES S.A. E.S.P.,6587645275
2018,1,1,899999115,EMPRESA DE TELECOMUNICACIONES DE BOGOTA S.A. ESP,408539300
2018,1,1,900092385,UNE EPM TELECOMUNICACIONES S.A.,0
2018,1,1,900420122,VIRGIN MOBILE COLOMBIA S.A.S.,0
2018,1,2,800153993,COMUNICACION CELULAR S A COMCEL S A,11892933787
2018,1,2,830016046,AVANTEL S.A.S,1747624900
2018,1,2,830114921,COLOMBIA MOVIL  S.A ESP,3539793570
2018,1,2,830122566,COLOMBIA TELECOMUNICACIONES S.A. E.S.P.,6149638064
2018,1,2,899999115,EMPRESA DE TELECOMUNICACIONES DE BOGOTA S.A. ESP,364951542
2018,1,2,900092385,UNE EPM TELECOMUNICACIONES S.A.,0
2018,1,2,900420122,VIRGIN MOBILE COLOMBIA S.A.S.,0
2018,1,3,800153993,COMUNICACION CELULAR S A COMCEL S A,14043066226
2018,1,3,830016046,AVANTEL S.A.S,2037345783
2018,1,3,830114921,COLOMBIA MOVIL  S.A ESP,3934036012
2018,1,3,830122566,COLOMBIA TELECOMUNICACIONES S.A. E.S.P.,6422231433
2018,1,3,899999115,EMPRESA DE TELECOMUNICACIONES DE BOGOTA S.A. ESP,386867770
2018,1,3,900092385,UNE EPM TELECOMUNICACIONES S.A.,0
2018,1,3,900420122,VIRGIN MOBILE COLOMBIA S.A.S.,0
2018,2,1,800153993,COMUNICACION CELULAR S A COMCEL S A,13645629758
2018,2,1,830016046,AVANTEL S.A.S,2081301840
2018,2,1,830114921,COLOMBIA MOVIL  S.A ESP,3651133249
2018,2,1,830122566,COLOMBIA TELECOMUNICACIONES S.A. E.S.P.,6055063398
2018,2,1,899999115,EMPRESA DE TELECOMUNICACIONES DE BOGOTA S.A. ESP,361823252
2018,2,1,900092385,UNE EPM TELECOMUNICACIONES S.A.,0
2018,2,1,900420122,VIRGIN MOBILE COLOMBIA S.A.S.,0
2018,2,2,800153993,COMUNICACION CELULAR S A COMCEL S A,15108574690
2018,2,2,830016046,AVANTEL S.A.S,2390032461
2018,2,2,830114921,COLOMBIA MOVIL  S.A ESP,3560692426
2018,2,2,830122566,COLOMBIA TELECOMUNICACIONES S.A. E.S.P.,6881515021
2018,2,2,899999115,EMPRESA DE TELECOMUNICACIONES DE BOGOTA S.A. ESP,356303371
2018,2,2,900092385,UNE EPM TELECOMUNICACIONES S.A.,0
2018,2,2,900420122,VIRGIN MOBILE COLOMBIA S.A.S.,0
2018,2,3,800153993,COMUNICACION CELULAR S A COMCEL S A,15362920235
2018,2,3,830016046,AVANTEL S.A.S,2347005462
2018,2,3,830114921,COLOMBIA MOVIL  S.A ESP,3581964329
2018,2,3,830122566,COLOMBIA TELECOMUNICACIONES S.A. E.S.P.,7729165113
2018,2,3,899999115,EMPRESA DE TELECOMUNICACIONES DE BOGOTA S.A. ESP,351301033
2018,2,3,900092385,UNE EPM TELECOMUNICACIONES S.A.,0
2018,2,3,900420122,VIRGIN MOBILE COLOMBIA S.A.S.,0
2018,3,1,800153993,COMUNICACION CELULAR S A COMCEL S A,16185387835
2018,3,1,830016046,AVANTEL S.A.S,2799927560
2018,3,1,830114921,COLOMBIA MOVIL  S.A ESP,3511317306
2018,3,1,830122566,COLOMBIA TELECOMUNICACIONES S.A. E.S.P.,8131118898
2018,3,1,899999115,EMPRESA DE TELECOMUNICACIONES DE BOGOTA S.A. ESP,378277465
2018,3,1,900420122,VIRGIN MOBILE COLOMBIA S.A.S.,0
2018,3,2,800153993,COMUNICACION CELULAR S A COMCEL S A,16004193140
2018,3,2,830016046,AVANTEL S.A.S,2750210046
2018,3,2,830114921,COLOMBIA MOVIL  S.A ESP,3507277940
2018,3,2,830122566,COLOMBIA TELECOMUNICACIONES S.A. E.S.P.,8506126051
2018,3,2,899999115,EMPRESA DE TELECOMUNICACIONES DE BOGOTA S.A. ESP,375277946
2018,3,2,900420122,VIRGIN MOBILE COLOMBIA S.A.S.,0
2018,3,3,800153993,COMUNICACION CELULAR S A COMCEL S A,15415857340
2018,3,3,830016046,AVANTEL S.A.S,2832679712
2018,3,3,830114921,COLOMBIA MOVIL  S.A ESP,3435700985
2018,3,3,830122566,COLOMBIA TELECOMUNICACIONES S.A. E.S.P.,8832612403
2018,3,3,899999115,EMPRESA DE TELECOMUNICACIONES DE BOGOTA S.A. ESP,322845793
2018,3,3,900420122,VIRGIN MOBILE COLOMBIA S.A.S.,0
2018,4,1,800153993,COMUNICACION CELULAR S A COMCEL S A,17095798553
2018,4,1,830016046,AVANTEL S.A.S,3058285537
2018,4,1,830114921,COLOMBIA MOVIL  S.A ESP,3748452850
2018,4,1,830122566,COLOMBIA TELECOMUNICACIONES S.A. E.S.P.,9548931871
2018,4,1,899999115,EMPRESA DE TELECOMUNICACIONES DE BOGOTA S.A. ESP,301263954
2018,4,1,900420122,VIRGIN MOBILE COLOMBIA S.A.S.,0
2018,4,2,800153993,COMUNICACION CELULAR S A COMCEL S A,17671930898
2018,4,2,830016046,AVANTEL S.A.S,3166319044
2018,4,2,830114921,COLOMBIA MOVIL  S.A ESP,4202496034
2018,4,2,830122566,COLOMBIA TELECOMUNICACIONES S.A. E.S.P.,9804874222
2018,4,2,899999115,EMPRESA DE TELECOMUNICACIONES DE BOGOTA S.A. ESP,289302735
2018,4,2,900420122,VIRGIN MOBILE COLOMBIA S.A.S.,0
2018,4,3,800153993,COMUNICACION CELULAR S A COMCEL S A,19586996473
2018,4,3,830016046,AVANTEL S.A.S,3262662398
2018,4,3,830114921,COLOMBIA MOVIL  S.A ESP,4677630068
2018,4,3,830122566,COLOMBIA TELECOMUNICACIONES S.A. E.S.P.,11159271225
2018,4,3,899999115,EMPRESA DE TELECOMUNICACIONES DE BOGOTA S.A. ESP,263680262
2018,4,3,900420122,VIRGIN MOBILE COLOMBIA S.A.S.,0
2019,1,1,800153993,COMUNICACION CELULAR S A COMCEL S A,19462482905
2019,1,1,830016046,AVANTEL S.A.S,3356820950
2019,1,1,830114921,COLOMBIA MOVIL  S.A ESP,4859223439
2019,1,1,830122566,COLOMBIA TELECOMUNICACIONES S.A. E.S.P.,11545722246
2019,1,1,899999115,EMPRESA DE TELECOMUNICACIONES DE BOGOTA S.A. ESP,270940888
2019,1,1,900420122,VIRGIN MOBILE COLOMBIA S.A.S.,0
2019,1,2,800153993,COMUNICACION CELULAR S A COMCEL S A,18736801044
2019,1,2,830016046,AVANTEL S.A.S,3295898008
2019,1,2,830114921,COLOMBIA MOVIL  S.A ESP,4084666192
2019,1,2,830122566,COLOMBIA TELECOMUNICACIONES S.A. E.S.P.,10532352274
2019,1,2,899999115,EMPRESA DE TELECOMUNICACIONES DE BOGOTA S.A. ESP,225985477
2019,1,2,900420122,VIRGIN MOBILE COLOMBIA S.A.S.,0
2019,1,3,800153993,COMUNICACION CELULAR S A COMCEL S A,22640220631
2019,1,3,830016046,AVANTEL S.A.S,3642212240
2019,1,3,830114921,COLOMBIA MOVIL  S.A ESP,3916322518
2019,1,3,830122566,COLOMBIA TELECOMUNICACIONES S.A. E.S.P.,11931745933
2019,1,3,899999115,EMPRESA DE TELECOMUNICACIONES DE BOGOTA S.A. ESP,229889088
2019,1,3,900420122,VIRGIN MOBILE COLOMBIA S.A.S.,0
2019,2,1,800153993,COMUNICACION CELULAR S A COMCEL S A,22136409314
2019,2,1,830016046,AVANTEL S.A.S,3659295072
2019,2,1,830114921,COLOMBIA MOVIL  S.A ESP,4130914461
2019,2,1,830122566,COLOMBIA TELECOMUNICACIONES S.A. E.S.P.,11734536663
2019,2,1,899999115,EMPRESA DE TELECOMUNICACIONES DE BOGOTA S.A. ESP,222856375
2019,2,1,900420122,VIRGIN MOBILE COLOMBIA S.A.S.,0
2019,2,2,800153993,COMUNICACION CELULAR S A COMCEL S A,25309011252
2019,2,2,830016046,AVANTEL S.A.S,4213887601
2019,2,2,830114921,COLOMBIA MOVIL  S.A ESP,5164462571
2019,2,2,830122566,COLOMBIA TELECOMUNICACIONES S.A. E.S.P.,12577520506
2019,2,2,899999115,EMPRESA DE TELECOMUNICACIONES DE BOGOTA S.A. ESP,242547447
2019,2,2,900420122,VIRGIN MOBILE COLOMBIA S.A.S.,0
2019,2,3,800153993,COMUNICACION CELULAR S A COMCEL S A,26730871763
2019,2,3,830016046,AVANTEL S.A.S,3905940119
2019,2,3,830114921,COLOMBIA MOVIL  S.A ESP,5356666552
2019,2,3,830122566,COLOMBIA TELECOMUNICACIONES S.A. E.S.P.,13188348681
2019,2,3,899999115,EMPRESA DE TELECOMUNICACIONES DE BOGOTA S.A. ESP,259135005
2019,2,3,900420122,VIRGIN MOBILE COLOMBIA S.A.S.,0
2019,3,1,800153993,COMUNICACION CELULAR S A COMCEL S A,26168168003
2019,3,1,830016046,AVANTEL S.A.S,4338461687
2019,3,1,830114921,COLOMBIA MOVIL  S.A ESP,5733111901
2019,3,1,830122566,COLOMBIA TELECOMUNICACIONES S.A. E.S.P.,13894055856
2019,3,1,899999115,EMPRESA DE TELECOMUNICACIONES DE BOGOTA S.A. ESP,321231338
2019,3,1,900420122,VIRGIN MOBILE COLOMBIA S.A.S.,0
2019,3,2,800153993,COMUNICACION CELULAR S A COMCEL S A,27357303805
2019,3,2,830016046,AVANTEL S.A.S,4720268186
2019,3,2,830114921,COLOMBIA MOVIL  S.A ESP,6042415083
2019,3,2,830122566,COLOMBIA TELECOMUNICACIONES S.A. E.S.P.,14395956285
2019,3,2,899999115,EMPRESA DE TELECOMUNICACIONES DE BOGOTA S.A. ESP,341654478
2019,3,2,900420122,VIRGIN MOBILE COLOMBIA S.A.S.,0
2019,3,3,800153993,COMUNICACION CELULAR S A COMCEL S A,27422521824
2019,3,3,830016046,AVANTEL S.A.S,4741123028
2019,3,3,830114921,COLOMBIA MOVIL  S.A ESP,5987711890
2019,3,3,830122566,COLOMBIA TELECOMUNICACIONES S.A. E.S.P.,14104840555
2019,3,3,899999115,EMPRESA DE TELECOMUNICACIONES DE BOGOTA S.A. ESP,342821460
2019,3,3,900420122,VIRGIN MOBILE COLOMBIA S.A.S.,0
2019,4,1,800153993,COMUNICACION CELULAR S A COMCEL S A,29362485572
2019,4,1,830016046,AVANTEL S.A.S,4819786245
2019,4,1,830114921,COLOMBIA MOVIL  S.A ESP,6559469608
2019,4,1,830122566,COLOMBIA TELECOMUNICACIONES S.A. E.S.P.,15102706448
2019,4,1,899999115,EMPRESA DE TELECOMUNICACIONES DE BOGOTA S.A. ESP,362439931
2019,4,1,900420122,VIRGIN MOBILE COLOMBIA S.A.S.,0
2019,4,2,800153993,COMUNICACION CELULAR S A COMCEL S A,29278056298
2019,4,2,830016046,AVANTEL S.A.S,4755977153
2019,4,2,830114921,COLOMBIA MOVIL  S.A ESP,6133712904
2019,4,2,830122566,COLOMBIA TELECOMUNICACIONES S.A. E.S.P.,14565212599
2019,4,2,899999115,EMPRESA DE TELECOMUNICACIONES DE BOGOTA S.A. ESP,394685036
2019,4,2,900420122,VIRGIN MOBILE COLOMBIA S.A.S.,0
2019,4,3,800153993,COMUNICACION CELULAR S A COMCEL S A,31631831197
2019,4,3,830016046,AVANTEL S.A.S,4981601589
2019,4,3,830114921,COLOMBIA MOVIL  S.A ESP,6562090471
2019,4,3,830122566,COLOMBIA TELECOMUNICACIONES S.A. E.S.P.,15851353595
2019,4,3,899999115,EMPRESA DE TELECOMUNICACIONES DE BOGOTA S.A. ESP,512975261
2019,4,3,900420122,VIRGIN MOBILE COLOMBIA S.A.S.,0
2020,1,1,800153993,COMUNICACION CELULAR S A COMCEL S A,31973944109
2020,1,1,830016046,AVANTEL S.A.S,5039321073
2020,1,1,830114921,COLOMBIA MOVIL  S.A ESP,6414501440
2020,1,1,830122566,COLOMBIA TELECOMUNICACIONES S.A. E.S.P.,16304894739
2020,1,1,899999115,EMPRESA DE TELECOMUNICACIONES DE BOGOTA S.A. ESP,686118960
2020,1,1,900420122,VIRGIN MOBILE COLOMBIA S.A.S.,0
2020,1,2,800153993,COMUNICACION CELULAR S A COMCEL S A,29956003367
2020,1,2,830016046,AVANTEL S.A.S,4830464291
2020,1,2,830114921,COLOMBIA MOVIL  S.A ESP,5996100414
2020,1,2,830122566,COLOMBIA TELECOMUNICACIONES S.A. E.S.P.,15674606339
2020,1,2,899999115,EMPRESA DE TELECOMUNICACIONES DE BOGOTA S.A. ESP,901022882
2020,1,2,900420122,VIRGIN MOBILE COLOMBIA S.A.S.,0
2020,1,3,800153993,COMUNICACION CELULAR S A COMCEL S A,33705638357
2020,1,3,830016046,AVANTEL S.A.S,5524010661
2020,1,3,830114921,COLOMBIA MOVIL  S.A ESP,5943637440
2020,1,3,830122566,COLOMBIA TELECOMUNICACIONES S.A. E.S.P.,17557809916
2020,1,3,899999115,EMPRESA DE TELECOMUNICACIONES DE BOGOTA S.A. ESP,1422360160
2020,1,3,900420122,VIRGIN MOBILE COLOMBIA S.A.S.,0
2020,2,1,800153993,COMUNICACION CELULAR S A COMCEL S A,37880810769
2020,2,1,830016046,AVANTEL S.A.S,5621598426
2020,2,1,830114921,COLOMBIA MOVIL  S.A ESP,3874079117
2020,2,1,830122566,COLOMBIA TELECOMUNICACIONES S.A. E.S.P.,15618200865
2020,2,1,899999115,EMPRESA DE TELECOMUNICACIONES DE BOGOTA S.A. ESP,1639469298
2020,2,1,900420122,VIRGIN MOBILE COLOMBIA S.A.S.,0
2020,2,2,800153993,COMUNICACION CELULAR S A COMCEL S A,38209928126
2020,2,2,830016046,AVANTEL S.A.S,5156132426
2020,2,2,830114921,COLOMBIA MOVIL  S.A ESP,4349695652
2020,2,2,830122566,COLOMBIA TELECOMUNICACIONES S.A. E.S.P.,16394177230
2020,2,2,899999115,EMPRESA DE TELECOMUNICACIONES DE BOGOTA S.A. ESP,1500806550
2020,2,2,900420122,VIRGIN MOBILE COLOMBIA S.A.S.,0
2020,2,3,800153993,COMUNICACION CELULAR S A COMCEL S A,37503742193
2020,2,3,830016046,AVANTEL S.A.S,5489862031
2020,2,3,830114921,COLOMBIA MOVIL  S.A ESP,4504479279
2020,2,3,830122566,COLOMBIA TELECOMUNICACIONES S.A. E.S.P.,17322568876
2020,2,3,899999115,EMPRESA DE TELECOMUNICACIONES DE BOGOTA S.A. ESP,1276019253
2020,2,3,900420122,VIRGIN MOBILE COLOMBIA S.A.S.,0
2020,3,1,800153993,COMUNICACION CELULAR S A COMCEL S A,42057589923
2020,3,1,830016046,AVANTEL S.A.S,5723589294
2020,3,1,830114921,COLOMBIA MOVIL  S.A ESP,4906710584
2020,3,1,830122566,COLOMBIA TELECOMUNICACIONES S.A. E.S.P.,22064164677
2020,3,1,899999115,EMPRESA DE TELECOMUNICACIONES DE BOGOTA S.A. ESP,1258710792
2020,3,1,900420122,VIRGIN MOBILE COLOMBIA S.A.S.,0
2020,3,2,800153993,COMUNICACION CELULAR S A COMCEL S A,43324846727
2020,3,2,830016046,AVANTEL S.A.S,5748276846
2020,3,2,830114921,COLOMBIA MOVIL  S.A ESP,5264101929
2020,3,2,830122566,COLOMBIA TELECOMUNICACIONES S.A. E.S.P.,23197266655
2020,3,2,899999115,EMPRESA DE TELECOMUNICACIONES DE BOGOTA S.A. ESP,1267582903
2020,3,2,900420122,VIRGIN MOBILE COLOMBIA S.A.S.,0
2020,3,3,800153993,COMUNICACION CELULAR S A COMCEL S A,43532545586
2020,3,3,830016046,AVANTEL S.A.S,5221787550
2020,3,3,830114921,COLOMBIA MOVIL  S.A ESP,5451181348
2020,3,3,830122566,COLOMBIA TELECOMUNICACIONES S.A. E.S.P.,23206016166
2020,3,3,899999115,EMPRESA DE TELECOMUNICACIONES DE BOGOTA S.A. ESP,1189805664
2020,3,3,900420122,VIRGIN MOBILE COLOMBIA S.A.S.,0
2020,4,1,800153993,COMUNICACION CELULAR S A COMCEL S A,47382859513
2020,4,1,830016046,AVANTEL S.A.S,5474349035
2020,4,1,830114921,COLOMBIA MOVIL  S.A ESP,6731623360
2020,4,1,830122566,COLOMBIA TELECOMUNICACIONES S.A. E.S.P.,24080623092
2020,4,1,899999115,EMPRESA DE TELECOMUNICACIONES DE BOGOTA S.A. ESP,1213874952
2020,4,1,900420122,VIRGIN MOBILE COLOMBIA S.A.S.,0
2020,4,1,901104609,SETROC MOBILE GROUP SAS,0
2020,4,2,800153993,COMUNICACION CELULAR S A COMCEL S A,49753128211
2020,4,2,830016046,AVANTEL S.A.S,5475765780
2020,4,2,830114921,COLOMBIA MOVIL  S.A ESP,8307176386
2020,4,2,830122566,COLOMBIA TELECOMUNICACIONES S.A. E.S.P.,23881759153
2020,4,2,899999115,EMPRESA DE TELECOMUNICACIONES DE BOGOTA S.A. ESP,1150659632
2020,4,2,900420122,VIRGIN MOBILE COLOMBIA S.A.S.,0
2020,4,2,901104609,SETROC MOBILE GROUP SAS,0
2020,4,3,800153993,COMUNICACION CELULAR S A COMCEL S A,55076369696
2020,4,3,830016046,AVANTEL S.A.S,5786563855
2020,4,3,830114921,COLOMBIA MOVIL  S.A ESP,10628128337
2020,4,3,830122566,COLOMBIA TELECOMUNICACIONES S.A. E.S.P.,25593485801
2020,4,3,899999115,EMPRESA DE TELECOMUNICACIONES DE BOGOTA S.A. ESP,1137629975
2020,4,3,900420122,VIRGIN MOBILE COLOMBIA S.A.S.,0
2020,4,3,901104609,SETROC MOBILE GROUP SAS,0
2021,1,1,800153993,COMUNICACION CELULAR S A COMCEL S A,55803241848
2021,1,1,830016046,AVANTEL S.A.S,6435332305
2021,1,1,830114921,COLOMBIA MOVIL  S.A ESP,11097484847
2021,1,1,830122566,COLOMBIA TELECOMUNICACIONES S.A. E.S.P.,26313277136
2021,1,1,899999115,EMPRESA DE TELECOMUNICACIONES DE BOGOTA S.A. ESP,1051648065
2021,1,1,900420122,VIRGIN MOBILE COLOMBIA S.A.S.,0
2021,1,1,901104609,SETROC MOBILE GROUP SAS,0
2021,1,2,800153993,COMUNICACION CELULAR S A COMCEL S A,55452093756
2021,1,2,830016046,AVANTEL S.A.S,6119140776
2021,1,2,830114921,COLOMBIA MOVIL  S.A ESP,11429391676
2021,1,2,830122566,COLOMBIA TELECOMUNICACIONES S.A. E.S.P.,25245433704
2021,1,2,899999115,EMPRESA DE TELECOMUNICACIONES DE BOGOTA S.A. ESP,1033838211
2021,1,2,900420122,VIRGIN MOBILE COLOMBIA S.A.S.,0
2021,1,2,901104609,SETROC MOBILE GROUP SAS,0
2021,1,3,800153993,COMUNICACION CELULAR S A COMCEL S A,64837714843
2021,1,3,830016046,AVANTEL S.A.S,5739886627
2021,1,3,830114921,COLOMBIA MOVIL  S.A ESP,13156411986
2021,1,3,830122566,COLOMBIA TELECOMUNICACIONES S.A. E.S.P.,29390618037
2021,1,3,899999115,EMPRESA DE TELECOMUNICACIONES DE BOGOTA S.A. ESP,1171906223
2021,1,3,900420122,VIRGIN MOBILE COLOMBIA S.A.S.,0
2021,1,3,901104609,SETROC MOBILE GROUP SAS,0
2021,2,1,800153993,COMUNICACION CELULAR S A COMCEL S A,54095553607
2021,2,1,830016046,AVANTEL S.A.S,5151355618
2021,2,1,830114921,COLOMBIA MOVIL  S.A ESP,15234827101
2021,2,1,830122566,COLOMBIA TELECOMUNICACIONES S.A. E.S.P.,29681866401
2021,2,1,899999115,EMPRESA DE TELECOMUNICACIONES DE BOGOTA S.A. ESP,1100747005
2021,2,1,900420122,VIRGIN MOBILE COLOMBIA S.A.S.,0
2021,2,1,901104609,SETROC MOBILE GROUP SAS,0
2021,2,1,901354361,PARTNERS TELECOM COLOMBIA SAS,321968076
2021,2,2,800153993,COMUNICACION CELULAR S A COMCEL S A,58087249148
2021,2,2,830016046,AVANTEL S.A.S,4088836926
2021,2,2,830114921,COLOMBIA MOVIL  S.A ESP,18459899835
2021,2,2,830122566,COLOMBIA TELECOMUNICACIONES S.A. E.S.P.,35008825827
2021,2,2,899999115,EMPRESA DE TELECOMUNICACIONES DE BOGOTA S.A. ESP,983075664
2021,2,2,900420122,VIRGIN MOBILE COLOMBIA S.A.S.,0
2021,2,2,901104609,SETROC MOBILE GROUP SAS,0
2021,2,2,901354361,PARTNERS TELECOM COLOMBIA SAS,1496114153
2021,2,3,800153993,COMUNICACION CELULAR S A COMCEL S A,55370136209
2021,2,3,830016046,AVANTEL S.A.S,3075886282
2021,2,3,830114921,COLOMBIA MOVIL  S.A ESP,21872675501
2021,2,3,830122566,COLOMBIA TELECOMUNICACIONES S.A. E.S.P.,36359898942
2021,2,3,899999115,EMPRESA DE TELECOMUNICACIONES DE BOGOTA S.A. ESP,906323219
2021,2,3,900420122,VIRGIN MOBILE COLOMBIA S.A.S.,0
2021,2,3,901104609,SETROC MOBILE GROUP SAS,0
2021,2,3,901354361,PARTNERS TELECOM COLOMBIA SAS,2527711215
2021,3,1,800153993,COMUNICACION CELULAR S A COMCEL S A,57754082784
2021,3,1,830016046,AVANTEL S.A.S,2264731808
2021,3,1,830114921,COLOMBIA MOVIL  S.A ESP,26140971432
2021,3,1,830122566,COLOMBIA TELECOMUNICACIONES S.A. E.S.P.,35449774538
2021,3,1,899999115,EMPRESA DE TELECOMUNICACIONES DE BOGOTA S.A. ESP,945019851
2021,3,1,900420122,VIRGIN MOBILE COLOMBIA S.A.S.,0
2021,3,1,901104609,SETROC MOBILE GROUP SAS,0
2021,3,1,901354361,PARTNERS TELECOM COLOMBIA SAS,4063423649
2021,3,2,800153993,COMUNICACION CELULAR S A COMCEL S A,60381292613
2021,3,2,830016046,AVANTEL S.A.S,1653448826
2021,3,2,830114921,COLOMBIA MOVIL  S.A ESP,26381847141
2021,3,2,830122566,COLOMBIA TELECOMUNICACIONES S.A. E.S.P.,36231192995
2021,3,2,899999115,EMPRESA DE TELECOMUNICACIONES DE BOGOTA S.A. ESP,1007515581
2021,3,2,900420122,VIRGIN MOBILE COLOMBIA S.A.S.,0
2021,3,2,901104609,SETROC MOBILE GROUP SAS,0
2021,3,2,901354361,PARTNERS TELECOM COLOMBIA SAS,5666549905
2021,3,3,800153993,COMUNICACION CELULAR S A COMCEL S A,63821461465
2021,3,3,830016046,AVANTEL S.A.S,1265979445
2021,3,3,830114921,COLOMBIA MOVIL  S.A ESP,29559258079
2021,3,3,830122566,COLOMBIA TELECOMUNICACIONES S.A. E.S.P.,36511366345
2021,3,3,899999115,EMPRESA DE TELECOMUNICACIONES DE BOGOTA S.A. ESP,972600727
2021,3,3,900420122,VIRGIN MOBILE COLOMBIA S.A.S.,0
2021,3,3,901104609,SETROC MOBILE GROUP SAS,0
2021,3,3,901354361,PARTNERS TELECOM COLOMBIA SAS,7533571466
2021,4,1,800153993,COMUNICACION CELULAR S A COMCEL S A,70215746451
2021,4,1,830016046,AVANTEL S.A.S,1096385843
2021,4,1,830114921,COLOMBIA MOVIL  S.A ESP,29672729310
2021,4,1,830122566,COLOMBIA TELECOMUNICACIONES S.A. E.S.P.,37738614509
2021,4,1,899999115,EMPRESA DE TELECOMUNICACIONES DE BOGOTA S.A. ESP,956784192
2021,4,1,900420122,VIRGIN MOBILE COLOMBIA S.A.S.,0
2021,4,1,901104609,SETROC MOBILE GROUP SAS,0
2021,4,1,901354361,PARTNERS TELECOM COLOMBIA SAS,7563973680
2021,4,2,800153993,COMUNICACION CELULAR S A COMCEL S A,70661814201
2021,4,2,830016046,AVANTEL S.A.S,736132776
2021,4,2,830114921,COLOMBIA MOVIL  S.A ESP,28519003077
2021,4,2,830122566,COLOMBIA TELECOMUNICACIONES S.A. E.S.P.,37510710130
2021,4,2,899999115,EMPRESA DE TELECOMUNICACIONES DE BOGOTA S.A. ESP,915024430
2021,4,2,900420122,VIRGIN MOBILE COLOMBIA S.A.S.,0
2021,4,2,901104609,SETROC MOBILE GROUP SAS,0
2021,4,2,901354361,PARTNERS TELECOM COLOMBIA SAS,8420607283
2021,4,3,800153993,COMUNICACION CELULAR S A COMCEL S A,75676049438
2021,4,3,830016046,AVANTEL S.A.S,593056267
2021,4,3,830114921,COLOMBIA MOVIL  S.A ESP,29840498259
2021,4,3,830122566,COLOMBIA TELECOMUNICACIONES S.A. E.S.P.,40400565803
2021,4,3,899999115,EMPRESA DE TELECOMUNICACIONES DE BOGOTA S.A. ESP,984215130
2021,4,3,900420122,VIRGIN MOBILE COLOMBIA S.A.S.,0
2021,4,3,901104609,SETROC MOBILE GROUP SAS,0
2021,4,3,901354361,PARTNERS TELECOM COLOMBIA SAS,10092195783
2022,1,1,830016046,AVANTEL S.A.S,554217918
2022,1,1,800153993,COMUNICACION CELULAR S A COMCEL S A,78420913995
2022,1,1,901354361,PARTNERS TELECOM COLOMBIA SAS,11159391489
2022,1,1,901104609,SETROC MOBILE GROUP SAS,0
2022,1,1,900420122,VIRGIN MOBILE COLOMBIA S.A.S.,0
2022,1,1,899999115,EMPRESA DE TELECOMUNICACIONES DE BOGOTA S.A. ESP,937342193
2022,1,1,830114921,COLOMBIA MOVIL  S.A ESP,29624168874
2022,1,1,830122566,COLOMBIA TELECOMUNICACIONES S.A. E.S.P.,40463001431
2022,1,2,899999115,EMPRESA DE TELECOMUNICACIONES DE BOGOTA S.A. ESP,999685213
2022,1,2,901354361,PARTNERS TELECOM COLOMBIA SAS,10977088217
2022,1,2,800153993,COMUNICACION CELULAR S A COMCEL S A,72121973958
2022,1,2,901104609,SETROC MOBILE GROUP SAS,0
2022,1,2,830114921,COLOMBIA MOVIL  S.A ESP,28066112349
2022,1,2,900420122,VIRGIN MOBILE COLOMBIA S.A.S.,0
2022,1,2,830122566,COLOMBIA TELECOMUNICACIONES S.A. E.S.P.,38171845986
2022,1,2,830016046,AVANTEL S.A.S,454494560
2022,1,3,830016046,AVANTEL S.A.S,395951400
2022,1,3,830122566,COLOMBIA TELECOMUNICACIONES S.A. E.S.P.,43275610802
2022,1,3,830114921,COLOMBIA MOVIL  S.A ESP,34934360737
2022,1,3,800153993,COMUNICACION CELULAR S A COMCEL S A,82321545473
2022,1,3,899999115,EMPRESA DE TELECOMUNICACIONES DE BOGOTA S.A. ESP,1251428392
2022,1,3,900420122,VIRGIN MOBILE COLOMBIA S.A.S.,0
2022,1,3,901104609,SETROC MOBILE GROUP SAS,0
2022,1,3,901354361,PARTNERS TELECOM COLOMBIA SAS,14177182663
2022,2,1,830114921,COLOMBIA MOVIL  S.A ESP,33673670153
2022,2,1,901354361,PARTNERS TELECOM COLOMBIA SAS,15479404322
2022,2,1,901104609,SETROC MOBILE GROUP SAS,0
2022,2,1,900420122,VIRGIN MOBILE COLOMBIA S.A.S.,0
2022,2,1,830016046,AVANTEL S.A.S,274951274
2022,2,1,830122566,COLOMBIA TELECOMUNICACIONES S.A. E.S.P.,43366219444
2022,2,1,899999115,EMPRESA DE TELECOMUNICACIONES DE BOGOTA S.A. ESP,1246452415
2022,2,1,800153993,COMUNICACION CELULAR S A COMCEL S A,80044254627
2022,2,2,830122566,COLOMBIA TELECOMUNICACIONES S.A. E.S.P.,46901198790
2022,2,2,830016046,AVANTEL S.A.S,251714182
2022,2,2,901354361,PARTNERS TELECOM COLOMBIA SAS,17405150660
2022,2,2,901104609,SETROC MOBILE GROUP SAS,0
2022,2,2,900420122,VIRGIN MOBILE COLOMBIA S.A.S.,0
2022,2,2,899999115,EMPRESA DE TELECOMUNICACIONES DE BOGOTA S.A. ESP,1314939672
2022,2,2,800153993,COMUNICACION CELULAR S A COMCEL S A,89364471412
2022,2,2,830114921,COLOMBIA MOVIL  S.A ESP,41387294515
2022,2,3,830114921,COLOMBIA MOVIL  S.A ESP,38528012576
2022,2,3,900420122,VIRGIN MOBILE COLOMBIA S.A.S.,0
2022,2,3,830122566,COLOMBIA TELECOMUNICACIONES S.A. E.S.P.,46629667240
2022,2,3,899999115,EMPRESA DE TELECOMUNICACIONES DE BOGOTA S.A. ESP,1378928564
2022,2,3,901354361,PARTNERS TELECOM COLOMBIA SAS,18364024824
2022,2,3,800153993,COMUNICACION CELULAR S A COMCEL S A,90006533935
2022,2,3,830016046,AVANTEL S.A.S,267241768
2022,2,3,901104609,SETROC MOBILE GROUP SAS,0
2022,3,1,901354361,PARTNERS TELECOM COLOMBIA SAS,19935143079
2022,3,1,900420122,VIRGIN MOBILE COLOMBIA S.A.S.,0
2022,3,1,800153993,COMUNICACION CELULAR S A COMCEL S A,94558687159
2022,3,1,830016046,AVANTEL S.A.S,203076050
2022,3,1,901104609,SETROC MOBILE GROUP SAS,0
2022,3,1,830114921,COLOMBIA MOVIL  S.A ESP,43256095975
2022,3,1,899999115,EMPRESA DE TELECOMUNICACIONES DE BOGOTA S.A. ESP,1545804669
2022,3,1,830122566,COLOMBIA TELECOMUNICACIONES S.A. E.S.P.,49905576982
2022,3,2,900420122,VIRGIN MOBILE COLOMBIA S.A.S.,0
2022,3,2,899999115,EMPRESA DE TELECOMUNICACIONES DE BOGOTA S.A. ESP,1676448711
2022,3,2,901354361,PARTNERS TELECOM COLOMBIA SAS,21229977010
2022,3,2,800153993,COMUNICACION CELULAR S A COMCEL S A,97936358314
2022,3,2,830122566,COLOMBIA TELECOMUNICACIONES S.A. E.S.P.,51031418294
2022,3,2,830114921,COLOMBIA MOVIL  S.A ESP,46628510139
2022,3,2,901104609,SETROC MOBILE GROUP SAS,0
2022,3,3,900420122,VIRGIN MOBILE COLOMBIA S.A.S.,0
2022,3,3,899999115,EMPRESA DE TELECOMUNICACIONES DE BOGOTA S.A. ESP,1697148470
2022,3,3,800153993,COMUNICACION CELULAR S A COMCEL S A,98216612788
2022,3,3,830114921,COLOMBIA MOVIL  S.A ESP,46311065890
2022,3,3,901354361,PARTNERS TELECOM COLOMBIA SAS,22019662424
2022,3,3,830122566,COLOMBIA TELECOMUNICACIONES S.A. E.S.P.,51510881983
2022,3,3,901104609,SETROC MOBILE GROUP SAS,0
2022,4,1,830114921,COLOMBIA MOVIL  S.A ESP,49990546168
2022,4,1,899999115,EMPRESA DE TELECOMUNICACIONES DE BOGOTA S.A. ESP,1925620415
2022,4,1,800153993,COMUNICACION CELULAR S A COMCEL S A,105406000000
2022,4,1,901354361,PARTNERS TELECOM COLOMBIA SAS,24500005766
2022,4,1,830122566,COLOMBIA TELECOMUNICACIONES S.A. E.S.P.,54913665891
2022,4,1,901104609,SETROC MOBILE GROUP SAS,0
2022,4,1,900420122,VIRGIN MOBILE COLOMBIA S.A.S.,0
2022,4,2,899999115,EMPRESA DE TELECOMUNICACIONES DE BOGOTA S.A. ESP,1978385079
2022,4,2,800153993,COMUNICACION CELULAR S A COMCEL S A,108644000000
2022,4,2,830114921,COLOMBIA MOVIL  S.A ESP,47773535571
2022,4,2,901354361,PARTNERS TELECOM COLOMBIA SAS,25983338123
2022,4,2,830122566,COLOMBIA TELECOMUNICACIONES S.A. E.S.P.,56620450549
2022,4,2,901104609,SETROC MOBILE GROUP SAS,0
2022,4,2,900420122,VIRGIN MOBILE COLOMBIA S.A.S.,0
2022,4,3,901354361,PARTNERS TELECOM COLOMBIA SAS,28403058689
2022,4,3,830114921,COLOMBIA MOVIL  S.A ESP,50804192262
2022,4,3,830122566,COLOMBIA TELECOMUNICACIONES S.A. E.S.P.,58142162145
2022,4,3,901104609,SETROC MOBILE GROUP SAS,0
2022,4,3,800153993,COMUNICACION CELULAR S A COMCEL S A,114845000000
2022,4,3,900420122,VIRGIN MOBILE COLOMBIA S.A.S.,0
2022,4,3,899999115,EMPRESA DE TELECOMUNICACIONES DE BOGOTA S.A. ESP,2051116651
